broker_id,broker_name,broker_address_1,broker_city,broker_state,broker_zipcode,broker_email,broker_phone,agency_code
BR001,Broker_1,1 Main St,City1,ST,10001,broker1@email.com,555-1001,AG001
BR002,Broker_2,2 Main St,City2,ST,10002,broker2@email.com,555-1002,AG002
BR003,Broker_3,3 Main St,City3,ST,10003,broker3@email.com,555-1003,AG003
BR004,Broker_4,4 Main St,City4,ST,10004,broker4@email.com,555-1004,AG004
BR005,Broker_5,5 Main St,City5,ST,10005,broker5@email.com,555-1005,AG005
BR006,Broker_6,6 Main St,City6,ST,10006,broker6@email.com,555-1006,AG006
BR007,Broker_7,7 Main St,City7,ST,10007,broker7@email.com,555-1007,AG007
BR008,Broker_8,8 Main St,City8,ST,10008,broker8@email.com,555-1008,AG008
BR009,Broker_9,9 Main St,City9,ST,10009,broker9@email.com,555-1009,AG009
BR010,Broker_10,10 Main St,City10,ST,10010,broker10@email.com,555-10010,AG010
BR011,Broker_11,11 Main St,City11,ST,10011,broker11@email.com,555-10011,AG011
BR012,Broker_12,12 Main St,City12,ST,10012,broker12@email.com,555-10012,AG012
BR013,Broker_13,13 Main St,City13,ST,10013,broker13@email.com,555-10013,AG013
BR014,Broker_14,14 Main St,City14,ST,10014,broker14@email.com,555-10014,AG014
BR015,Broker_15,15 Main St,City15,ST,10015,broker15@email.com,555-10015,AG015
BR016,Broker_16,16 Main St,City16,ST,10016,broker16@email.com,555-10016,AG016
BR017,Broker_17,17 Main St,City17,ST,10017,broker17@email.com,555-10017,AG017
BR018,Broker_18,18 Main St,City18,ST,10018,broker18@email.com,555-10018,AG018
BR019,Broker_19,19 Main St,City19,ST,10019,broker19@email.com,555-10019,AG019
BR020,Broker_20,20 Main St,City20,ST,10020,broker20@email.com,555-10020,AG020
BR021,Broker_21,21 Main St,City21,ST,10021,broker21@email.com,555-10021,AG021
BR022,Broker_22,22 Main St,City22,ST,10022,broker22@email.com,555-10022,AG022
BR023,Broker_23,23 Main St,City23,ST,10023,broker23@email.com,555-10023,AG023
BR024,Broker_24,24 Main St,City24,ST,10024,broker24@email.com,555-10024,AG024
BR025,Broker_25,25 Main St,City25,ST,10025,broker25@email.com,555-10025,AG025
BR026,Broker_26,26 Main St,City26,ST,10026,broker26@email.com,555-10026,AG026
BR027,Broker_27,27 Main St,City27,ST,10027,broker27@email.com,555-10027,AG027
BR028,Broker_28,28 Main St,City28,ST,10028,broker28@email.com,555-10028,AG028
BR029,Broker_29,29 Main St,City29,ST,10029,broker29@email.com,555-10029,AG029
BR030,Broker_30,30 Main St,City30,ST,10030,broker30@email.com,555-10030,AG030
BR031,Broker_31,31 Main St,City31,ST,10031,broker31@email.com,555-10031,AG031
BR032,Broker_32,32 Main St,City32,ST,10032,broker32@email.com,555-10032,AG032
BR033,Broker_33,33 Main St,City33,ST,10033,broker33@email.com,555-10033,AG033
BR034,Broker_34,34 Main St,City34,ST,10034,broker34@email.com,555-10034,AG034
BR035,Broker_35,35 Main St,City35,ST,10035,broker35@email.com,555-10035,AG035
BR036,Broker_36,36 Main St,City36,ST,10036,broker36@email.com,555-10036,AG036
BR037,Broker_37,37 Main St,City37,ST,10037,broker37@email.com,555-10037,AG037
BR038,Broker_38,38 Main St,City38,ST,10038,broker38@email.com,555-10038,AG038
BR039,Broker_39,39 Main St,City39,ST,10039,broker39@email.com,555-10039,AG039
BR040,Broker_40,40 Main St,City40,ST,10040,broker40@email.com,555-10040,AG040
BR041,Broker_41,41 Main St,City41,ST,10041,broker41@email.com,555-10041,AG041
BR042,Broker_42,42 Main St,City42,ST,10042,broker42@email.com,555-10042,AG042
BR043,Broker_43,43 Main St,City43,ST,10043,broker43@email.com,555-10043,AG043
BR044,Broker_44,44 Main St,City44,ST,10044,broker44@email.com,555-10044,AG044
BR045,Broker_45,45 Main St,City45,ST,10045,broker45@email.com,555-10045,AG045
BR046,Broker_46,46 Main St,City46,ST,10046,broker46@email.com,555-10046,AG046
BR047,Broker_47,47 Main St,City47,ST,10047,broker47@email.com,555-10047,AG047
BR048,Broker_48,48 Main St,City48,ST,10048,broker48@email.com,555-10048,AG048
BR049,Broker_49,49 Main St,City49,ST,10049,broker49@email.com,555-10049,AG049
BR050,Broker_50,50 Main St,City50,ST,10050,broker50@email.com,555-10050,AG050
